destination,budget,season,travel_type,day,time_slot,activity
Goa,Low,Summer,Adventure,1,Morning,Baga Beach Water Sports
Goa,Low,Summer,Adventure,1,Afternoon,Lunch & Rest at Beach Shack
Goa,Low,Summer,Adventure,1,Evening,Sunset at Vagator Beach
Goa,Low,Summer,Relaxation,1,Morning,Dudhsagar Waterfall Trek
Goa,Low,Summer,Relaxation,1,Afternoon,Local Goan Lunch
Goa,Low,Summer,Relaxation,1,Evening,Spice Plantation Visit
Goa,Low,Summer,Adventure,2,Morning,Old Goa Churches Tour
Goa,Low,Summer,Adventure,2,Afternoon,Fontainhas Heritage Walk
Goa,Low,Summer,Adventure,2,Evening,Mandovi River Cruise
Goa,Low,Summer,Relaxation,2,Morning,Scuba Diving at Grande Island
Goa,Low,Summer,Relaxation,2,Afternoon,Lunch & Rest
Goa,Low,Summer,Relaxation,2,Evening,Anjuna Night Market
Goa,Low,Summer,Adventure,3,Morning,Butterfly Beach Visit
Goa,Low,Summer,Adventure,3,Afternoon,Resort Leisure Time
Goa,Low,Summer,Adventure,3,Evening,Beachside Dinner
Goa,Low,Summer,Relaxation,3,Morning,Reis Magos Fort Visit
Goa,Low,Summer,Relaxation,3,Afternoon,Goan Thali Lunch
Goa,Low,Summer,Relaxation,3,Evening,Casino Night
Goa,Low,Summer,Adventure,4,Morning,Parasailing
Goa,Low,Summer,Adventure,4,Afternoon,Spa & Massage
Goa,Low,Summer,Adventure,4,Evening,Sunset Photography
Goa,Low,Summer,Relaxation,4,Morning,Divar Island Cycling
Goa,Low,Summer,Relaxation,4,Afternoon,Local Café Hopping
Goa,Low,Summer,Relaxation,4,Evening,Quiet Beach Walk
Goa,Low,Summer,Adventure,5,Morning,Local Market Shopping
Goa,Low,Summer,Adventure,5,Afternoon,Seafood Experience
Goa,Low,Summer,Adventure,5,Evening,Live Music Club
Goa,Low,Summer,Relaxation,5,Morning,Free Exploration
Goa,Low,Summer,Relaxation,5,Afternoon,Packing & Rest
Goa,Low,Summer,Relaxation,5,Evening,Farewell Dinner
Goa,Low,Summer,Adventure,6,Morning,cafe hopping
Goa,Low,Summer,Adventure,6,Afternoon,Baga Beach Water Sports
Goa,Low,Summer,Adventure,6,Evening,Lunch & Rest at Beach Shack
Goa,Low,Summer,Relaxation,6,Morning,Sunset at Vagator Beach
Goa,Low,Summer,Relaxation,6,Afternoon,Dudhsagar Waterfall Trek
Goa,Low,Summer,Relaxation,6,Evening,Local Goan Lunch
Goa,Low,Summer,Adventure,7,Morning,Spice Plantation Visit
Goa,Low,Summer,Adventure,7,Afternoon,Old Goa Churches Tour
Goa,Low,Summer,Adventure,7,Evening,Fontainhas Heritage Walk
Goa,Low,Summer,Relaxation,7,Morning,Mandovi River Cruise
Goa,Low,Summer,Relaxation,7,Afternoon,Scuba Diving at Grande Island
Goa,Low,Summer,Relaxation,7,Evening,Lunch & Rest
Goa,Low,Summer,Adventure,8,Morning,Anjuna Night Market
Goa,Low,Summer,Adventure,8,Afternoon,Butterfly Beach Visit
Goa,Low,Summer,Adventure,8,Evening,Resort Leisure Time
Goa,Low,Summer,Relaxation,8,Morning,Beachside Dinner
Goa,Low,Summer,Relaxation,8,Afternoon,Reis Magos Fort Visit
Goa,Low,Summer,Relaxation,8,Evening,Goan Thali Lunch
Goa,Low,Summer,Adventure,9,Morning,Casino Night
Goa,Low,Summer,Adventure,9,Afternoon,Parasailing
Goa,Low,Summer,Adventure,9,Evening,Spa & Massage
Goa,Low,Summer,Relaxation,9,Morning,Sunset Photography
Goa,Low,Summer,Relaxation,9,Afternoon,Divar Island Cycling
Goa,Low,Summer,Relaxation,9,Evening,Local Café Hopping
Goa,Low,Summer,Adventure,10,Morning,Quiet Beach Walk
Goa,Low,Summer,Adventure,10,Afternoon,Local Market Shopping
Goa,Low,Summer,Adventure,10,Evening,Seafood Experience
Goa,Low,Summer,Relaxation,10,Morning,Live Music Club
Goa,Low,Summer,Relaxation,10,Afternoon,Free Exploration
Goa,Low,Summer,Relaxation,10,Evening,Packing & Rest
Goa,Low,Winter,Adventure,1,Morning,Farewell Dinner
Goa,Low,Winter,Adventure,1,Afternoon,cafe hopping
Goa,Low,Winter,Adventure,1,Evening,Baga Beach Water Sports
Goa,Low,Winter,Relaxation,1,Morning,Lunch & Rest at Beach Shack
Goa,Low,Winter,Relaxation,1,Afternoon,Sunset at Vagator Beach
Goa,Low,Winter,Relaxation,1,Evening,Dudhsagar Waterfall Trek
Goa,Low,Winter,Adventure,2,Morning,Local Goan Lunch
Goa,Low,Winter,Adventure,2,Afternoon,Spice Plantation Visit
Goa,Low,Winter,Adventure,2,Evening,Old Goa Churches Tour
Goa,Low,Winter,Relaxation,2,Morning,Fontainhas Heritage Walk
Goa,Low,Winter,Relaxation,2,Afternoon,Mandovi River Cruise
Goa,Low,Winter,Relaxation,2,Evening,Scuba Diving at Grande Island
Goa,Low,Winter,Adventure,3,Morning,Lunch & Rest
Goa,Low,Winter,Adventure,3,Afternoon,Anjuna Night Market
Goa,Low,Winter,Adventure,3,Evening,Butterfly Beach Visit
Goa,Low,Winter,Relaxation,3,Morning,Resort Leisure Time
Goa,Low,Winter,Relaxation,3,Afternoon,Beachside Dinner
Goa,Low,Winter,Relaxation,3,Evening,Reis Magos Fort Visit
Goa,Low,Winter,Adventure,4,Morning,Goan Thali Lunch
Goa,Low,Winter,Adventure,4,Afternoon,Casino Night
Goa,Low,Winter,Adventure,4,Evening,Parasailing
Goa,Low,Winter,Relaxation,4,Morning,Spa & Massage
Goa,Low,Winter,Relaxation,4,Afternoon,Sunset Photography
Goa,Low,Winter,Relaxation,4,Evening,Divar Island Cycling
Goa,Low,Winter,Adventure,5,Morning,Local Café Hopping
Goa,Low,Winter,Adventure,5,Afternoon,Quiet Beach Walk
Goa,Low,Winter,Adventure,5,Evening,Local Market Shopping
Goa,Low,Winter,Relaxation,5,Morning,Seafood Experience
Goa,Low,Winter,Relaxation,5,Afternoon,Live Music Club
Goa,Low,Winter,Relaxation,5,Evening,Free Exploration
Goa,Low,Winter,Adventure,6,Morning,Packing & Rest
Goa,Low,Winter,Adventure,6,Afternoon,Farewell Dinner
Goa,Low,Winter,Adventure,6,Evening,cafe hopping
Goa,Low,Winter,Relaxation,6,Morning,Baga Beach Water Sports
Goa,Low,Winter,Relaxation,6,Afternoon,Lunch & Rest at Beach Shack
Goa,Low,Winter,Relaxation,6,Evening,Sunset at Vagator Beach
Goa,Low,Winter,Adventure,7,Morning,Dudhsagar Waterfall Trek
Goa,Low,Winter,Adventure,7,Afternoon,Local Goan Lunch
Goa,Low,Winter,Adventure,7,Evening,Spice Plantation Visit
Goa,Low,Winter,Relaxation,7,Morning,Old Goa Churches Tour
Goa,Low,Winter,Relaxation,7,Afternoon,Fontainhas Heritage Walk
Goa,Low,Winter,Relaxation,7,Evening,Mandovi River Cruise
Goa,Low,Winter,Adventure,8,Morning,Scuba Diving at Grande Island
Goa,Low,Winter,Adventure,8,Afternoon,Lunch & Rest
Goa,Low,Winter,Adventure,8,Evening,Anjuna Night Market
Goa,Low,Winter,Relaxation,8,Morning,Butterfly Beach Visit
Goa,Low,Winter,Relaxation,8,Afternoon,Resort Leisure Time
Goa,Low,Winter,Relaxation,8,Evening,Beachside Dinner
Goa,Low,Winter,Adventure,9,Morning,Reis Magos Fort Visit
Goa,Low,Winter,Adventure,9,Afternoon,Goan Thali Lunch
Goa,Low,Winter,Adventure,9,Evening,Casino Night
Goa,Low,Winter,Relaxation,9,Morning,Parasailing
Goa,Low,Winter,Relaxation,9,Afternoon,Spa & Massage
Goa,Low,Winter,Relaxation,9,Evening,Sunset Photography
Goa,Low,Winter,Adventure,10,Morning,Divar Island Cycling
Goa,Low,Winter,Adventure,10,Afternoon,Local Café Hopping
Goa,Low,Winter,Adventure,10,Evening,Quiet Beach Walk
Goa,Low,Winter,Relaxation,10,Morning,Local Market Shopping
Goa,Low,Winter,Relaxation,10,Afternoon,Seafood Experience
Goa,Low,Winter,Relaxation,10,Evening,Live Music Club
Goa,Mid,Summer,Adventure,1,Morning,Free Exploration
Goa,Mid,Summer,Adventure,1,Afternoon,Packing & Rest
Goa,Mid,Summer,Adventure,1,Evening,Farewell Dinner
Goa,Mid,Summer,Relaxation,1,Morning,cafe hopping
Goa,Mid,Summer,Relaxation,1,Afternoon,Baga Beach Water Sports
Goa,Mid,Summer,Relaxation,1,Evening,Lunch & Rest at Beach Shack
Goa,Mid,Summer,Adventure,2,Morning,Sunset at Vagator Beach
Goa,Mid,Summer,Adventure,2,Afternoon,Dudhsagar Waterfall Trek
Goa,Mid,Summer,Adventure,2,Evening,Local Goan Lunch
Goa,Mid,Summer,Relaxation,2,Morning,Spice Plantation Visit
Goa,Mid,Summer,Relaxation,2,Afternoon,Old Goa Churches Tour
Goa,Mid,Summer,Relaxation,2,Evening,Fontainhas Heritage Walk
Goa,Mid,Summer,Adventure,3,Morning,Mandovi River Cruise
Goa,Mid,Summer,Adventure,3,Afternoon,Scuba Diving at Grande Island
Goa,Mid,Summer,Adventure,3,Evening,Lunch & Rest
Goa,Mid,Summer,Relaxation,3,Morning,Anjuna Night Market
Goa,Mid,Summer,Relaxation,3,Afternoon,Butterfly Beach Visit
Goa,Mid,Summer,Relaxation,3,Evening,Resort Leisure Time
Goa,Mid,Summer,Adventure,4,Morning,Beachside Dinner
Goa,Mid,Summer,Adventure,4,Afternoon,Reis Magos Fort Visit
Goa,Mid,Summer,Adventure,4,Evening,Goan Thali Lunch
Goa,Mid,Summer,Relaxation,4,Morning,Casino Night
Goa,Mid,Summer,Relaxation,4,Afternoon,Parasailing
Goa,Mid,Summer,Relaxation,4,Evening,Spa & Massage
Goa,Mid,Summer,Adventure,5,Morning,Sunset Photography
Goa,Mid,Summer,Adventure,5,Afternoon,Divar Island Cycling
Goa,Mid,Summer,Adventure,5,Evening,Local Café Hopping
Goa,Mid,Summer,Relaxation,5,Morning,Quiet Beach Walk
Goa,Mid,Summer,Relaxation,5,Afternoon,Local Market Shopping
Goa,Mid,Summer,Relaxation,5,Evening,Seafood Experience
Goa,Mid,Summer,Adventure,6,Morning,Live Music Club
Goa,Mid,Summer,Adventure,6,Afternoon,Free Exploration
Goa,Mid,Summer,Adventure,6,Evening,Packing & Rest
Goa,Mid,Summer,Relaxation,6,Morning,Farewell Dinner
Goa,Mid,Summer,Relaxation,6,Afternoon,cafe hopping
Goa,Mid,Summer,Relaxation,6,Evening,Baga Beach Water Sports
Goa,Mid,Summer,Adventure,7,Morning,Lunch & Rest at Beach Shack
Goa,Mid,Summer,Adventure,7,Afternoon,Sunset at Vagator Beach
Goa,Mid,Summer,Adventure,7,Evening,Dudhsagar Waterfall Trek
Goa,Mid,Summer,Relaxation,7,Morning,Local Goan Lunch
Goa,Mid,Summer,Relaxation,7,Afternoon,Spice Plantation Visit
Goa,Mid,Summer,Relaxation,7,Evening,Old Goa Churches Tour
Goa,Mid,Summer,Adventure,8,Morning,Fontainhas Heritage Walk
Goa,Mid,Summer,Adventure,8,Afternoon,Mandovi River Cruise
Goa,Mid,Summer,Adventure,8,Evening,Scuba Diving at Grande Island
Goa,Mid,Summer,Relaxation,8,Morning,Lunch & Rest
Goa,Mid,Summer,Relaxation,8,Afternoon,Anjuna Night Market
Goa,Mid,Summer,Relaxation,8,Evening,Butterfly Beach Visit
Goa,Mid,Summer,Adventure,9,Morning,Resort Leisure Time
Goa,Mid,Summer,Adventure,9,Afternoon,Beachside Dinner
Goa,Mid,Summer,Adventure,9,Evening,Reis Magos Fort Visit
Goa,Mid,Summer,Relaxation,9,Morning,Goan Thali Lunch
Goa,Mid,Summer,Relaxation,9,Afternoon,Casino Night
Goa,Mid,Summer,Relaxation,9,Evening,Parasailing
Goa,Mid,Summer,Adventure,10,Morning,Spa & Massage
Goa,Mid,Summer,Adventure,10,Afternoon,Sunset Photography
Goa,Mid,Summer,Adventure,10,Evening,Divar Island Cycling
Goa,Mid,Summer,Relaxation,10,Morning,Local Café Hopping
Goa,Mid,Summer,Relaxation,10,Afternoon,Quiet Beach Walk
Goa,Mid,Summer,Relaxation,10,Evening,Local Market Shopping
Goa,Mid,Winter,Adventure,1,Morning,Seafood Experience
Goa,Mid,Winter,Adventure,1,Afternoon,Live Music Club
Goa,Mid,Winter,Adventure,1,Evening,Free Exploration
Goa,Mid,Winter,Relaxation,1,Morning,Packing & Rest
Goa,Mid,Winter,Relaxation,1,Afternoon,Farewell Dinner
Goa,Mid,Winter,Relaxation,1,Evening,cafe hopping
Goa,Mid,Winter,Adventure,2,Morning,Baga Beach Water Sports
Goa,Mid,Winter,Adventure,2,Afternoon,Lunch & Rest at Beach Shack
Goa,Mid,Winter,Adventure,2,Evening,Sunset at Vagator Beach
Goa,Mid,Winter,Relaxation,2,Morning,Dudhsagar Waterfall Trek
Goa,Mid,Winter,Relaxation,2,Afternoon,Local Goan Lunch
Goa,Mid,Winter,Relaxation,2,Evening,Spice Plantation Visit
Goa,Mid,Winter,Adventure,3,Morning,Old Goa Churches Tour
Goa,Mid,Winter,Adventure,3,Afternoon,Fontainhas Heritage Walk
Goa,Mid,Winter,Adventure,3,Evening,Mandovi River Cruise
Goa,Mid,Winter,Relaxation,3,Morning,Scuba Diving at Grande Island
Goa,Mid,Winter,Relaxation,3,Afternoon,Lunch & Rest
Goa,Mid,Winter,Relaxation,3,Evening,Anjuna Night Market
Goa,Mid,Winter,Adventure,4,Morning,Butterfly Beach Visit
Goa,Mid,Winter,Adventure,4,Afternoon,Resort Leisure Time
Goa,Mid,Winter,Adventure,4,Evening,Beachside Dinner
Goa,Mid,Winter,Relaxation,4,Morning,Reis Magos Fort Visit
Goa,Mid,Winter,Relaxation,4,Afternoon,Goan Thali Lunch
Goa,Mid,Winter,Relaxation,4,Evening,Casino Night
Goa,Mid,Winter,Adventure,5,Morning,Parasailing
Goa,Mid,Winter,Adventure,5,Afternoon,Spa & Massage
Goa,Mid,Winter,Adventure,5,Evening,Sunset Photography
Goa,Mid,Winter,Relaxation,5,Morning,Divar Island Cycling
Goa,Mid,Winter,Relaxation,5,Afternoon,Local Café Hopping
Goa,Mid,Winter,Relaxation,5,Evening,Quiet Beach Walk
Goa,Mid,Winter,Adventure,6,Morning,Local Market Shopping
Goa,Mid,Winter,Adventure,6,Afternoon,Seafood Experience
Goa,Mid,Winter,Adventure,6,Evening,Live Music Club
Goa,Mid,Winter,Relaxation,6,Morning,Free Exploration
Goa,Mid,Winter,Relaxation,6,Afternoon,Packing & Rest
Goa,Mid,Winter,Relaxation,6,Evening,Farewell Dinner
Goa,Mid,Winter,Adventure,7,Morning,cafe hopping
Goa,Mid,Winter,Adventure,7,Afternoon,Baga Beach Water Sports
Goa,Mid,Winter,Adventure,7,Evening,Lunch & Rest at Beach Shack
Goa,Mid,Winter,Relaxation,7,Morning,Sunset at Vagator Beach
Goa,Mid,Winter,Relaxation,7,Afternoon,Dudhsagar Waterfall Trek
Goa,Mid,Winter,Relaxation,7,Evening,Local Goan Lunch
Goa,Mid,Winter,Adventure,8,Morning,Spice Plantation Visit
Goa,Mid,Winter,Adventure,8,Afternoon,Old Goa Churches Tour
Goa,Mid,Winter,Adventure,8,Evening,Fontainhas Heritage Walk
Goa,Mid,Winter,Relaxation,8,Morning,Mandovi River Cruise
Goa,Mid,Winter,Relaxation,8,Afternoon,Scuba Diving at Grande Island
Goa,Mid,Winter,Relaxation,8,Evening,Lunch & Rest
Goa,Mid,Winter,Adventure,9,Morning,Anjuna Night Market
Goa,Mid,Winter,Adventure,9,Afternoon,Butterfly Beach Visit
Goa,Mid,Winter,Adventure,9,Evening,Resort Leisure Time
Goa,Mid,Winter,Relaxation,9,Morning,Beachside Dinner
Goa,Mid,Winter,Relaxation,9,Afternoon,Reis Magos Fort Visit
Goa,Mid,Winter,Relaxation,9,Evening,Goan Thali Lunch
Goa,Mid,Winter,Adventure,10,Morning,Casino Night
Goa,Mid,Winter,Adventure,10,Afternoon,Parasailing
Goa,Mid,Winter,Adventure,10,Evening,Spa & Massage
Goa,Mid,Winter,Relaxation,10,Morning,Sunset Photography
Goa,Mid,Winter,Relaxation,10,Afternoon,Divar Island Cycling
Goa,Mid,Winter,Relaxation,10,Evening,Local Café Hopping
Goa,High,Summer,Adventure,1,Morning,Quiet Beach Walk
Goa,High,Summer,Adventure,1,Afternoon,Local Market Shopping
Goa,High,Summer,Adventure,1,Evening,Seafood Experience
Goa,High,Summer,Relaxation,1,Morning,Live Music Club
Goa,High,Summer,Relaxation,1,Afternoon,Free Exploration
Goa,High,Summer,Relaxation,1,Evening,Packing & Rest
Goa,High,Summer,Adventure,2,Morning,Farewell Dinner
Goa,High,Summer,Adventure,2,Afternoon,cafe hopping
Goa,High,Summer,Adventure,2,Evening,Baga Beach Water Sports
Goa,High,Summer,Relaxation,2,Morning,Lunch & Rest at Beach Shack
Goa,High,Summer,Relaxation,2,Afternoon,Sunset at Vagator Beach
Goa,High,Summer,Relaxation,2,Evening,Dudhsagar Waterfall Trek
Goa,High,Summer,Adventure,3,Morning,Local Goan Lunch
Goa,High,Summer,Adventure,3,Afternoon,Spice Plantation Visit
Goa,High,Summer,Adventure,3,Evening,Old Goa Churches Tour
Goa,High,Summer,Relaxation,3,Morning,Fontainhas Heritage Walk
Goa,High,Summer,Relaxation,3,Afternoon,Mandovi River Cruise
Goa,High,Summer,Relaxation,3,Evening,Scuba Diving at Grande Island
Goa,High,Summer,Adventure,4,Morning,Lunch & Rest
Goa,High,Summer,Adventure,4,Afternoon,Anjuna Night Market
Goa,High,Summer,Adventure,4,Evening,Butterfly Beach Visit
Goa,High,Summer,Relaxation,4,Morning,Resort Leisure Time
Goa,High,Summer,Relaxation,4,Afternoon,Beachside Dinner
Goa,High,Summer,Relaxation,4,Evening,Reis Magos Fort Visit
Goa,High,Summer,Adventure,5,Morning,Goan Thali Lunch
Goa,High,Summer,Adventure,5,Afternoon,Casino Night
Goa,High,Summer,Adventure,5,Evening,Parasailing
Goa,High,Summer,Relaxation,5,Morning,Spa & Massage
Goa,High,Summer,Relaxation,5,Afternoon,Sunset Photography
Goa,High,Summer,Relaxation,5,Evening,Divar Island Cycling
Goa,High,Summer,Adventure,6,Morning,Local Café Hopping
Goa,High,Summer,Adventure,6,Afternoon,Quiet Beach Walk
Goa,High,Summer,Adventure,6,Evening,Local Market Shopping
Goa,High,Summer,Relaxation,6,Morning,Seafood Experience
Goa,High,Summer,Relaxation,6,Afternoon,Live Music Club
Goa,High,Summer,Relaxation,6,Evening,Free Exploration
Goa,High,Summer,Adventure,7,Morning,Packing & Rest
Goa,High,Summer,Adventure,7,Afternoon,Farewell Dinner
Goa,High,Summer,Adventure,7,Evening,cafe hopping
Goa,High,Summer,Relaxation,7,Morning,Baga Beach Water Sports
Goa,High,Summer,Relaxation,7,Afternoon,Lunch & Rest at Beach Shack
Goa,High,Summer,Relaxation,7,Evening,Sunset at Vagator Beach
Goa,High,Summer,Adventure,8,Morning,Dudhsagar Waterfall Trek
Goa,High,Summer,Adventure,8,Afternoon,Local Goan Lunch
Goa,High,Summer,Adventure,8,Evening,Spice Plantation Visit
Goa,High,Summer,Relaxation,8,Morning,Old Goa Churches Tour
Goa,High,Summer,Relaxation,8,Afternoon,Fontainhas Heritage Walk
Goa,High,Summer,Relaxation,8,Evening,Mandovi River Cruise
Goa,High,Summer,Adventure,9,Morning,Scuba Diving at Grande Island
Goa,High,Summer,Adventure,9,Afternoon,Lunch & Rest
Goa,High,Summer,Adventure,9,Evening,Anjuna Night Market
Goa,High,Summer,Relaxation,9,Morning,Butterfly Beach Visit
Goa,High,Summer,Relaxation,9,Afternoon,Resort Leisure Time
Goa,High,Summer,Relaxation,9,Evening,Beachside Dinner
Goa,High,Summer,Adventure,10,Morning,Reis Magos Fort Visit
Goa,High,Summer,Adventure,10,Afternoon,Goan Thali Lunch
Goa,High,Summer,Adventure,10,Evening,Casino Night
Goa,High,Summer,Relaxation,10,Morning,Parasailing
Goa,High,Summer,Relaxation,10,Afternoon,Spa & Massage
Goa,High,Summer,Relaxation,10,Evening,Sunset Photography
Goa,High,Winter,Adventure,1,Morning,Divar Island Cycling
Goa,High,Winter,Adventure,1,Afternoon,Local Café Hopping
Goa,High,Winter,Adventure,1,Evening,Quiet Beach Walk
Goa,High,Winter,Relaxation,1,Morning,Local Market Shopping
Goa,High,Winter,Relaxation,1,Afternoon,Seafood Experience
Goa,High,Winter,Relaxation,1,Evening,Live Music Club
Goa,High,Winter,Adventure,2,Morning,Free Exploration
Goa,High,Winter,Adventure,2,Afternoon,Packing & Rest
Goa,High,Winter,Adventure,2,Evening,Farewell Dinner
Goa,High,Winter,Relaxation,2,Morning,cafe hopping
Goa,High,Winter,Relaxation,2,Afternoon,Baga Beach Water Sports
Goa,High,Winter,Relaxation,2,Evening,Lunch & Rest at Beach Shack
Goa,High,Winter,Adventure,3,Morning,Sunset at Vagator Beach
Goa,High,Winter,Adventure,3,Afternoon,Dudhsagar Waterfall Trek
Goa,High,Winter,Adventure,3,Evening,Local Goan Lunch
Goa,High,Winter,Relaxation,3,Morning,Spice Plantation Visit
Goa,High,Winter,Relaxation,3,Afternoon,Old Goa Churches Tour
Goa,High,Winter,Relaxation,3,Evening,Fontainhas Heritage Walk
Goa,High,Winter,Adventure,4,Morning,Mandovi River Cruise
Goa,High,Winter,Adventure,4,Afternoon,Scuba Diving at Grande Island
Goa,High,Winter,Adventure,4,Evening,Lunch & Rest
Goa,High,Winter,Relaxation,4,Morning,Anjuna Night Market
Goa,High,Winter,Relaxation,4,Afternoon,Butterfly Beach Visit
Goa,High,Winter,Relaxation,4,Evening,Resort Leisure Time
Goa,High,Winter,Adventure,5,Morning,Beachside Dinner
Goa,High,Winter,Adventure,5,Afternoon,Reis Magos Fort Visit
Goa,High,Winter,Adventure,5,Evening,Goan Thali Lunch
Goa,High,Winter,Relaxation,5,Morning,Casino Night
Goa,High,Winter,Relaxation,5,Afternoon,Parasailing
Goa,High,Winter,Relaxation,5,Evening,Spa & Massage
Goa,High,Winter,Adventure,6,Morning,Sunset Photography
Goa,High,Winter,Adventure,6,Afternoon,Divar Island Cycling
Goa,High,Winter,Adventure,6,Evening,Local Café Hopping
Goa,High,Winter,Relaxation,6,Morning,Quiet Beach Walk
Goa,High,Winter,Relaxation,6,Afternoon,Local Market Shopping
Goa,High,Winter,Relaxation,6,Evening,Seafood Experience
Goa,High,Winter,Adventure,7,Morning,Live Music Club
Goa,High,Winter,Adventure,7,Afternoon,Free Exploration
Goa,High,Winter,Adventure,7,Evening,Packing & Rest
Goa,High,Winter,Relaxation,7,Morning,Farewell Dinner
Goa,High,Winter,Relaxation,7,Afternoon,cafe hopping
Goa,High,Winter,Relaxation,7,Evening,Baga Beach Water Sports
Goa,High,Winter,Adventure,8,Morning,Lunch & Rest at Beach Shack
Goa,High,Winter,Adventure,8,Afternoon,Sunset at Vagator Beach
Goa,High,Winter,Adventure,8,Evening,Dudhsagar Waterfall Trek
Goa,High,Winter,Relaxation,8,Morning,Local Goan Lunch
Goa,High,Winter,Relaxation,8,Afternoon,Spice Plantation Visit
Goa,High,Winter,Relaxation,8,Evening,Old Goa Churches Tour
Goa,High,Winter,Adventure,9,Morning,Fontainhas Heritage Walk
Goa,High,Winter,Adventure,9,Afternoon,Mandovi River Cruise
Goa,High,Winter,Adventure,9,Evening,Scuba Diving at Grande Island
Goa,High,Winter,Relaxation,9,Morning,Lunch & Rest
Goa,High,Winter,Relaxation,9,Afternoon,Anjuna Night Market
Goa,High,Winter,Relaxation,9,Evening,Butterfly Beach Visit
Goa,High,Winter,Adventure,10,Morning,Resort Leisure Time
Goa,High,Winter,Adventure,10,Afternoon,Beachside Dinner
Goa,High,Winter,Adventure,10,Evening,Reis Magos Fort Visit
Goa,High,Winter,Relaxation,10,Morning,Goan Thali Lunch
Goa,High,Winter,Relaxation,10,Afternoon,Casino Night
Goa,High,Winter,Relaxation,10,Evening,Parasailing
Delhi,Low,Summer,Culture,1,Morning,Lunch at Chandni Chowk
Delhi,Low,Summer,Culture,1,Afternoon,India Gate & Light Show
Delhi,Low,Summer,Culture,1,Evening,Qutub Minar Tour
Delhi,Low,Summer,Nature,1,Morning,Humayun’s Tomb Visit
Delhi,Low,Summer,Nature,1,Afternoon,Lodhi Garden Walk
Delhi,Low,Summer,Nature,1,Evening,Akshardham Temple Visit
Delhi,Low,Summer,Culture,2,Morning,South Indian Lunch
Delhi,Low,Summer,Culture,2,Afternoon,Yamuna Riverfront Walk
Delhi,Low,Summer,Culture,2,Evening,Sunder Nursery Visit
Delhi,Low,Summer,Nature,2,Morning,Lunch at Khan Market
Delhi,Low,Summer,Nature,2,Afternoon,Street Shopping
Delhi,Low,Summer,Nature,2,Evening,Lotus Temple Visit
Delhi,Low,Summer,Culture,3,Morning,Café Hopping
Delhi,Low,Summer,Culture,3,Afternoon,Connaught Place Night Walk
Delhi,Low,Summer,Culture,3,Evening,Heritage Walking Tour
Delhi,Low,Summer,Nature,3,Morning,Local Street Food Trail
Delhi,Low,Summer,Nature,3,Afternoon,India Habitat Centre
Delhi,Low,Summer,Nature,3,Evening,National Museum Visit
Delhi,Low,Summer,Culture,4,Morning,Museum Café Lunch
Delhi,Low,Summer,Culture,4,Afternoon,Cultural Performance
Delhi,Low,Summer,Culture,4,Evening,Deer Park Walk
Delhi,Low,Summer,Nature,4,Morning,Lunch & Rest
Delhi,Low,Summer,Nature,4,Afternoon,Dilli Haat Visit
Delhi,Low,Summer,Nature,4,Evening,Raj Ghat Visit
Delhi,Low,Summer,Culture,5,Morning,Traditional North Indian Lunch
Delhi,Low,Summer,Culture,5,Afternoon,Central Park Walk
Delhi,Low,Summer,Culture,5,Evening,Free Exploration
Delhi,Low,Summer,Nature,5,Morning,Packing & Rest
Delhi,Low,Summer,Nature,5,Afternoon,Farewell Dinner
Delhi,Low,Summer,Nature,5,Evening,Humayun’s Tomb Guided Visit
Delhi,Low,Summer,Culture,6,Morning,Lunch at Khan Market Café
Delhi,Low,Summer,Culture,6,Afternoon,Lodhi Garden Sunset Walk
Delhi,Low,Summer,Culture,6,Evening,Red Fort & Jama Masjid Tour
Delhi,Low,Summer,Nature,6,Morning,Karim’s Mughlai Lunch
Delhi,Low,Summer,Nature,6,Afternoon,Chandni Chowk Heritage Walk
Delhi,Low,Summer,Nature,6,Evening,Segway Tour at Rajpath
Delhi,Low,Summer,Culture,7,Morning,National Museum Visit
Delhi,Low,Summer,Culture,7,Afternoon,Connaught Place Cafés
Delhi,Low,Summer,Culture,7,Evening,Akshardham Temple Visit
Delhi,Low,Summer,Nature,7,Morning,Gurudwara Bangla Sahib
Delhi,Low,Summer,Nature,7,Afternoon,India Gate Night Walk
Delhi,Low,Summer,Nature,7,Evening,Qutub Minar Guided Tour
Delhi,Low,Summer,Culture,8,Morning,Lunch at Saket Restaurants
Delhi,Low,Summer,Culture,8,Afternoon,Hauz Khas Village Walk
Delhi,Low,Summer,Culture,8,Evening,Rock Climbing Session
Delhi,Low,Summer,Nature,8,Morning,Dilli Haat Food Stalls
Delhi,Low,Summer,Nature,8,Afternoon,Cultural Performance
Delhi,Low,Summer,Nature,8,Evening,Sanjay Van Nature Walk
Delhi,Low,Summer,Culture,9,Morning,Café Hopping
Delhi,Low,Summer,Culture,9,Afternoon,Lunch at Chandni Chowk
Delhi,Low,Summer,Culture,9,Evening,India Gate & Light Show
Delhi,Low,Summer,Nature,9,Morning,Qutub Minar Tour
Delhi,Low,Summer,Nature,9,Afternoon,Humayun’s Tomb Visit
Delhi,Low,Summer,Nature,9,Evening,Lodhi Garden Walk
Delhi,Low,Summer,Culture,10,Morning,Akshardham Temple Visit
Delhi,Low,Summer,Culture,10,Afternoon,South Indian Lunch
Delhi,Low,Summer,Culture,10,Evening,Yamuna Riverfront Walk
Delhi,Low,Summer,Nature,10,Morning,Sunder Nursery Visit
Delhi,Low,Summer,Nature,10,Afternoon,Lunch at Khan Market
Delhi,Low,Summer,Nature,10,Evening,Street Shopping
Delhi,Low,Winter,Culture,1,Morning,Lotus Temple Visit
Delhi,Low,Winter,Culture,1,Afternoon,Café Hopping
Delhi,Low,Winter,Culture,1,Evening,Connaught Place Night Walk
Delhi,Low,Winter,Nature,1,Morning,Heritage Walking Tour
Delhi,Low,Winter,Nature,1,Afternoon,Local Street Food Trail
Delhi,Low,Winter,Nature,1,Evening,India Habitat Centre
Delhi,Low,Winter,Culture,2,Morning,National Museum Visit
Delhi,Low,Winter,Culture,2,Afternoon,Museum Café Lunch
Delhi,Low,Winter,Culture,2,Evening,Cultural Performance
Delhi,Low,Winter,Nature,2,Morning,Deer Park Walk
Delhi,Low,Winter,Nature,2,Afternoon,Lunch & Rest
Delhi,Low,Winter,Nature,2,Evening,Dilli Haat Visit
Delhi,Low,Winter,Culture,3,Morning,Raj Ghat Visit
Delhi,Low,Winter,Culture,3,Afternoon,Traditional North Indian Lunch
Delhi,Low,Winter,Culture,3,Evening,Central Park Walk
Delhi,Low,Winter,Nature,3,Morning,Free Exploration
Delhi,Low,Winter,Nature,3,Afternoon,Packing & Rest
Delhi,Low,Winter,Nature,3,Evening,Farewell Dinner
Delhi,Low,Winter,Culture,4,Morning,Humayun’s Tomb Guided Visit
Delhi,Low,Winter,Culture,4,Afternoon,Lunch at Khan Market Café
Delhi,Low,Winter,Culture,4,Evening,Lodhi Garden Sunset Walk
Delhi,Low,Winter,Nature,4,Morning,Red Fort & Jama Masjid Tour
Delhi,Low,Winter,Nature,4,Afternoon,Karim’s Mughlai Lunch
Delhi,Low,Winter,Nature,4,Evening,Chandni Chowk Heritage Walk
Delhi,Low,Winter,Culture,5,Morning,Segway Tour at Rajpath
Delhi,Low,Winter,Culture,5,Afternoon,National Museum Visit
Delhi,Low,Winter,Culture,5,Evening,Connaught Place Cafés
Delhi,Low,Winter,Nature,5,Morning,Akshardham Temple Visit
Delhi,Low,Winter,Nature,5,Afternoon,Gurudwara Bangla Sahib
Delhi,Low,Winter,Nature,5,Evening,India Gate Night Walk
Delhi,Low,Winter,Culture,6,Morning,Qutub Minar Guided Tour
Delhi,Low,Winter,Culture,6,Afternoon,Lunch at Saket Restaurants
Delhi,Low,Winter,Culture,6,Evening,Hauz Khas Village Walk
Delhi,Low,Winter,Nature,6,Morning,Rock Climbing Session
Delhi,Low,Winter,Nature,6,Afternoon,Dilli Haat Food Stalls
Delhi,Low,Winter,Nature,6,Evening,Cultural Performance
Delhi,Low,Winter,Culture,7,Morning,Sanjay Van Nature Walk
Delhi,Low,Winter,Culture,7,Afternoon,Café Hopping
Delhi,Low,Winter,Culture,7,Evening,Lunch at Chandni Chowk
Delhi,Low,Winter,Nature,7,Morning,India Gate & Light Show
Delhi,Low,Winter,Nature,7,Afternoon,Qutub Minar Tour
Delhi,Low,Winter,Nature,7,Evening,Humayun’s Tomb Visit
Delhi,Low,Winter,Culture,8,Morning,Lodhi Garden Walk
Delhi,Low,Winter,Culture,8,Afternoon,Akshardham Temple Visit
Delhi,Low,Winter,Culture,8,Evening,South Indian Lunch
Delhi,Low,Winter,Nature,8,Morning,Yamuna Riverfront Walk
Delhi,Low,Winter,Nature,8,Afternoon,Sunder Nursery Visit
Delhi,Low,Winter,Nature,8,Evening,Lunch at Khan Market
Delhi,Low,Winter,Culture,9,Morning,Street Shopping
Delhi,Low,Winter,Culture,9,Afternoon,Lotus Temple Visit
Delhi,Low,Winter,Culture,9,Evening,Café Hopping
Delhi,Low,Winter,Nature,9,Morning,Connaught Place Night Walk
Delhi,Low,Winter,Nature,9,Afternoon,Heritage Walking Tour
Delhi,Low,Winter,Nature,9,Evening,Local Street Food Trail
Delhi,Low,Winter,Culture,10,Morning,India Habitat Centre
Delhi,Low,Winter,Culture,10,Afternoon,National Museum Visit
Delhi,Low,Winter,Culture,10,Evening,Museum Café Lunch
Delhi,Low,Winter,Nature,10,Morning,Cultural Performance
Delhi,Low,Winter,Nature,10,Afternoon,Deer Park Walk
Delhi,Low,Winter,Nature,10,Evening,Lunch & Rest
Delhi,Mid,Summer,Culture,1,Morning,Dilli Haat Visit
Delhi,Mid,Summer,Culture,1,Afternoon,Raj Ghat Visit
Delhi,Mid,Summer,Culture,1,Evening,Traditional North Indian Lunch
Delhi,Mid,Summer,Nature,1,Morning,Central Park Walk
Delhi,Mid,Summer,Nature,1,Afternoon,Free Exploration
Delhi,Mid,Summer,Nature,1,Evening,Packing & Rest
Delhi,Mid,Summer,Culture,2,Morning,Farewell Dinner
Delhi,Mid,Summer,Culture,2,Afternoon,Humayun’s Tomb Guided Visit
Delhi,Mid,Summer,Culture,2,Evening,Lunch at Khan Market Café
Delhi,Mid,Summer,Nature,2,Morning,Lodhi Garden Sunset Walk
Delhi,Mid,Summer,Nature,2,Afternoon,Red Fort & Jama Masjid Tour
Delhi,Mid,Summer,Nature,2,Evening,Karim’s Mughlai Lunch
Delhi,Mid,Summer,Culture,3,Morning,Chandni Chowk Heritage Walk
Delhi,Mid,Summer,Culture,3,Afternoon,Segway Tour at Rajpath
Delhi,Mid,Summer,Culture,3,Evening,National Museum Visit
Delhi,Mid,Summer,Nature,3,Morning,Connaught Place Cafés
Delhi,Mid,Summer,Nature,3,Afternoon,Akshardham Temple Visit
Delhi,Mid,Summer,Nature,3,Evening,Gurudwara Bangla Sahib
Delhi,Mid,Summer,Culture,4,Morning,India Gate Night Walk
Delhi,Mid,Summer,Culture,4,Afternoon,Qutub Minar Guided Tour
Delhi,Mid,Summer,Culture,4,Evening,Lunch at Saket Restaurants
Delhi,Mid,Summer,Nature,4,Morning,Hauz Khas Village Walk
Delhi,Mid,Summer,Nature,4,Afternoon,Rock Climbing Session
Delhi,Mid,Summer,Nature,4,Evening,Dilli Haat Food Stalls
Delhi,Mid,Summer,Culture,5,Morning,Cultural Performance
Delhi,Mid,Summer,Culture,5,Afternoon,Sanjay Van Nature Walk
Delhi,Mid,Summer,Culture,5,Evening,Café Hopping
Delhi,Mid,Summer,Nature,5,Morning,Lunch at Chandni Chowk
Delhi,Mid,Summer,Nature,5,Afternoon,India Gate & Light Show
Delhi,Mid,Summer,Nature,5,Evening,Qutub Minar Tour
Delhi,Mid,Summer,Culture,6,Morning,Humayun’s Tomb Visit
Delhi,Mid,Summer,Culture,6,Afternoon,Lodhi Garden Walk
Delhi,Mid,Summer,Culture,6,Evening,Akshardham Temple Visit
Delhi,Mid,Summer,Nature,6,Morning,South Indian Lunch
Delhi,Mid,Summer,Nature,6,Afternoon,Yamuna Riverfront Walk
Delhi,Mid,Summer,Nature,6,Evening,Sunder Nursery Visit
Delhi,Mid,Summer,Culture,7,Morning,Lunch at Khan Market
Delhi,Mid,Summer,Culture,7,Afternoon,Street Shopping
Delhi,Mid,Summer,Culture,7,Evening,Lotus Temple Visit
Delhi,Mid,Summer,Nature,7,Morning,Café Hopping
Delhi,Mid,Summer,Nature,7,Afternoon,Connaught Place Night Walk
Delhi,Mid,Summer,Nature,7,Evening,Heritage Walking Tour
Delhi,Mid,Summer,Culture,8,Morning,Local Street Food Trail
Delhi,Mid,Summer,Culture,8,Afternoon,India Habitat Centre
Delhi,Mid,Summer,Culture,8,Evening,National Museum Visit
Delhi,Mid,Summer,Nature,8,Morning,Museum Café Lunch
Delhi,Mid,Summer,Nature,8,Afternoon,Cultural Performance
Delhi,Mid,Summer,Nature,8,Evening,Deer Park Walk
Delhi,Mid,Summer,Culture,9,Morning,Lunch & Rest
Delhi,Mid,Summer,Culture,9,Afternoon,Dilli Haat Visit
Delhi,Mid,Summer,Culture,9,Evening,Raj Ghat Visit
Delhi,Mid,Summer,Nature,9,Morning,Traditional North Indian Lunch
Delhi,Mid,Summer,Nature,9,Afternoon,Central Park Walk
Delhi,Mid,Summer,Nature,9,Evening,Free Exploration
Delhi,Mid,Summer,Culture,10,Morning,Packing & Rest
Delhi,Mid,Summer,Culture,10,Afternoon,Farewell Dinner
Delhi,Mid,Summer,Culture,10,Evening,Humayun’s Tomb Guided Visit
Delhi,Mid,Summer,Nature,10,Morning,Lunch at Khan Market Café
Delhi,Mid,Summer,Nature,10,Afternoon,Lodhi Garden Sunset Walk
Delhi,Mid,Summer,Nature,10,Evening,Red Fort & Jama Masjid Tour
Delhi,Mid,Winter,Culture,1,Morning,Karim’s Mughlai Lunch
Delhi,Mid,Winter,Culture,1,Afternoon,Chandni Chowk Heritage Walk
Delhi,Mid,Winter,Culture,1,Evening,Segway Tour at Rajpath
Delhi,Mid,Winter,Nature,1,Morning,National Museum Visit
Delhi,Mid,Winter,Nature,1,Afternoon,Connaught Place Cafés
Delhi,Mid,Winter,Nature,1,Evening,Akshardham Temple Visit
Delhi,Mid,Winter,Culture,2,Morning,Gurudwara Bangla Sahib
Delhi,Mid,Winter,Culture,2,Afternoon,India Gate Night Walk
Delhi,Mid,Winter,Culture,2,Evening,Qutub Minar Guided Tour
Delhi,Mid,Winter,Nature,2,Morning,Lunch at Saket Restaurants
Delhi,Mid,Winter,Nature,2,Afternoon,Hauz Khas Village Walk
Delhi,Mid,Winter,Nature,2,Evening,Rock Climbing Session
Delhi,Mid,Winter,Culture,3,Morning,Dilli Haat Food Stalls
Delhi,Mid,Winter,Culture,3,Afternoon,Cultural Performance
Delhi,Mid,Winter,Culture,3,Evening,Sanjay Van Nature Walk
Delhi,Mid,Winter,Nature,3,Morning,Café Hopping
Delhi,Mid,Winter,Nature,3,Afternoon,Lunch at Chandni Chowk
Delhi,Mid,Winter,Nature,3,Evening,India Gate & Light Show
Delhi,Mid,Winter,Culture,4,Morning,Qutub Minar Tour
Delhi,Mid,Winter,Culture,4,Afternoon,Humayun’s Tomb Visit
Delhi,Mid,Winter,Culture,4,Evening,Lodhi Garden Walk
Delhi,Mid,Winter,Nature,4,Morning,Akshardham Temple Visit
Delhi,Mid,Winter,Nature,4,Afternoon,South Indian Lunch
Delhi,Mid,Winter,Nature,4,Evening,Yamuna Riverfront Walk
Delhi,Mid,Winter,Culture,5,Morning,Sunder Nursery Visit
Delhi,Mid,Winter,Culture,5,Afternoon,Lunch at Khan Market
Delhi,Mid,Winter,Culture,5,Evening,Street Shopping
Delhi,Mid,Winter,Nature,5,Morning,Lotus Temple Visit
Delhi,Mid,Winter,Nature,5,Afternoon,Café Hopping
Delhi,Mid,Winter,Nature,5,Evening,Connaught Place Night Walk
Delhi,Mid,Winter,Culture,6,Morning,Heritage Walking Tour
Delhi,Mid,Winter,Culture,6,Afternoon,Local Street Food Trail
Delhi,Mid,Winter,Culture,6,Evening,India Habitat Centre
Delhi,Mid,Winter,Nature,6,Morning,National Museum Visit
Delhi,Mid,Winter,Nature,6,Afternoon,Museum Café Lunch
Delhi,Mid,Winter,Nature,6,Evening,Cultural Performance
Delhi,Mid,Winter,Culture,7,Morning,Deer Park Walk
Delhi,Mid,Winter,Culture,7,Afternoon,Lunch & Rest
Delhi,Mid,Winter,Culture,7,Evening,Dilli Haat Visit
Delhi,Mid,Winter,Nature,7,Morning,Raj Ghat Visit
Delhi,Mid,Winter,Nature,7,Afternoon,Traditional North Indian Lunch
Delhi,Mid,Winter,Nature,7,Evening,Central Park Walk
Delhi,Mid,Winter,Culture,8,Morning,Free Exploration
Delhi,Mid,Winter,Culture,8,Afternoon,Packing & Rest
Delhi,Mid,Winter,Culture,8,Evening,Farewell Dinner
Delhi,Mid,Winter,Nature,8,Morning,Humayun’s Tomb Guided Visit
Delhi,Mid,Winter,Nature,8,Afternoon,Lunch at Khan Market Café
Delhi,Mid,Winter,Nature,8,Evening,Lodhi Garden Sunset Walk
Delhi,Mid,Winter,Culture,9,Morning,Red Fort & Jama Masjid Tour
Delhi,Mid,Winter,Culture,9,Afternoon,Karim’s Mughlai Lunch
Delhi,Mid,Winter,Culture,9,Evening,Chandni Chowk Heritage Walk
Delhi,Mid,Winter,Nature,9,Morning,Segway Tour at Rajpath
Delhi,Mid,Winter,Nature,9,Afternoon,National Museum Visit
Delhi,Mid,Winter,Nature,9,Evening,Connaught Place Cafés
Delhi,Mid,Winter,Culture,10,Morning,Akshardham Temple Visit
Delhi,Mid,Winter,Culture,10,Afternoon,Gurudwara Bangla Sahib
Delhi,Mid,Winter,Culture,10,Evening,India Gate Night Walk
Delhi,Mid,Winter,Nature,10,Morning,Qutub Minar Guided Tour
Delhi,Mid,Winter,Nature,10,Afternoon,Lunch at Saket Restaurants
Delhi,Mid,Winter,Nature,10,Evening,Hauz Khas Village Walk
Delhi,High,Summer,Culture,1,Morning,Rock Climbing Session
Delhi,High,Summer,Culture,1,Afternoon,Dilli Haat Food Stalls
Delhi,High,Summer,Culture,1,Evening,Cultural Performance
Delhi,High,Summer,Nature,1,Morning,Sanjay Van Nature Walk
Delhi,High,Summer,Nature,1,Afternoon,Café Hopping
Delhi,High,Summer,Nature,1,Evening,Lunch at Chandni Chowk
Delhi,High,Summer,Culture,2,Morning,India Gate & Light Show
Delhi,High,Summer,Culture,2,Afternoon,Qutub Minar Tour
Delhi,High,Summer,Culture,2,Evening,Humayun’s Tomb Visit
Delhi,High,Summer,Nature,2,Morning,Lodhi Garden Walk
Delhi,High,Summer,Nature,2,Afternoon,Akshardham Temple Visit
Delhi,High,Summer,Nature,2,Evening,South Indian Lunch
Delhi,High,Summer,Culture,3,Morning,Yamuna Riverfront Walk
Delhi,High,Summer,Culture,3,Afternoon,Sunder Nursery Visit
Delhi,High,Summer,Culture,3,Evening,Lunch at Khan Market
Delhi,High,Summer,Nature,3,Morning,Street Shopping
Delhi,High,Summer,Nature,3,Afternoon,Lotus Temple Visit
Delhi,High,Summer,Nature,3,Evening,Café Hopping
Delhi,High,Summer,Culture,4,Morning,Connaught Place Night Walk
Delhi,High,Summer,Culture,4,Afternoon,Heritage Walking Tour
Delhi,High,Summer,Culture,4,Evening,Local Street Food Trail
Delhi,High,Summer,Nature,4,Morning,India Habitat Centre
Delhi,High,Summer,Nature,4,Afternoon,National Museum Visit
Delhi,High,Summer,Nature,4,Evening,Museum Café Lunch
Delhi,High,Summer,Culture,5,Morning,Cultural Performance
Delhi,High,Summer,Culture,5,Afternoon,Deer Park Walk
Delhi,High,Summer,Culture,5,Evening,Lunch & Rest
Delhi,High,Summer,Nature,5,Morning,Dilli Haat Visit
Delhi,High,Summer,Nature,5,Afternoon,Raj Ghat Visit
Delhi,High,Summer,Nature,5,Evening,Traditional North Indian Lunch
Delhi,High,Summer,Culture,6,Morning,Central Park Walk
Delhi,High,Summer,Culture,6,Afternoon,Free Exploration
Delhi,High,Summer,Culture,6,Evening,Packing & Rest
Delhi,High,Summer,Nature,6,Morning,Farewell Dinner
Delhi,High,Summer,Nature,6,Afternoon,Humayun’s Tomb Guided Visit
Delhi,High,Summer,Nature,6,Evening,Lunch at Khan Market Café
Delhi,High,Summer,Culture,7,Morning,Lodhi Garden Sunset Walk
Delhi,High,Summer,Culture,7,Afternoon,Red Fort & Jama Masjid Tour
Delhi,High,Summer,Culture,7,Evening,Karim’s Mughlai Lunch
Delhi,High,Summer,Nature,7,Morning,Chandni Chowk Heritage Walk
Delhi,High,Summer,Nature,7,Afternoon,Segway Tour at Rajpath
Delhi,High,Summer,Nature,7,Evening,National Museum Visit
Delhi,High,Summer,Culture,8,Morning,Connaught Place Cafés
Delhi,High,Summer,Culture,8,Afternoon,Akshardham Temple Visit
Delhi,High,Summer,Culture,8,Evening,Gurudwara Bangla Sahib
Delhi,High,Summer,Nature,8,Morning,India Gate Night Walk
Delhi,High,Summer,Nature,8,Afternoon,Qutub Minar Guided Tour
Delhi,High,Summer,Nature,8,Evening,Lunch at Saket Restaurants
Delhi,High,Summer,Culture,9,Morning,Hauz Khas Village Walk
Delhi,High,Summer,Culture,9,Afternoon,Rock Climbing Session
Delhi,High,Summer,Culture,9,Evening,Dilli Haat Food Stalls
Delhi,High,Summer,Nature,9,Morning,Cultural Performance
Delhi,High,Summer,Nature,9,Afternoon,Sanjay Van Nature Walk
Delhi,High,Summer,Nature,9,Evening,Café Hopping
Delhi,High,Summer,Culture,10,Morning,Lunch at Chandni Chowk
Delhi,High,Summer,Culture,10,Afternoon,India Gate & Light Show
Delhi,High,Summer,Culture,10,Evening,Qutub Minar Tour
Delhi,High,Summer,Nature,10,Morning,Humayun’s Tomb Visit
Delhi,High,Summer,Nature,10,Afternoon,Lodhi Garden Walk
Delhi,High,Summer,Nature,10,Evening,Akshardham Temple Visit
Delhi,High,Winter,Culture,1,Morning,South Indian Lunch
Delhi,High,Winter,Culture,1,Afternoon,Yamuna Riverfront Walk
Delhi,High,Winter,Culture,1,Evening,Sunder Nursery Visit
Delhi,High,Winter,Nature,1,Morning,Lunch at Khan Market
Delhi,High,Winter,Nature,1,Afternoon,Street Shopping
Delhi,High,Winter,Nature,1,Evening,Lotus Temple Visit
Delhi,High,Winter,Culture,2,Morning,Café Hopping
Delhi,High,Winter,Culture,2,Afternoon,Connaught Place Night Walk
Delhi,High,Winter,Culture,2,Evening,Heritage Walking Tour
Delhi,High,Winter,Nature,2,Morning,Local Street Food Trail
Delhi,High,Winter,Nature,2,Afternoon,India Habitat Centre
Delhi,High,Winter,Nature,2,Evening,National Museum Visit
Delhi,High,Winter,Culture,3,Morning,Museum Café Lunch
Delhi,High,Winter,Culture,3,Afternoon,Cultural Performance
Delhi,High,Winter,Culture,3,Evening,Deer Park Walk
Delhi,High,Winter,Nature,3,Morning,Lunch & Rest
Delhi,High,Winter,Nature,3,Afternoon,Dilli Haat Visit
Delhi,High,Winter,Nature,3,Evening,Raj Ghat Visit
Delhi,High,Winter,Culture,4,Morning,Traditional North Indian Lunch
Delhi,High,Winter,Culture,4,Afternoon,Central Park Walk
Delhi,High,Winter,Culture,4,Evening,Free Exploration
Delhi,High,Winter,Nature,4,Morning,Packing & Rest
Delhi,High,Winter,Nature,4,Afternoon,Farewell Dinner
Delhi,High,Winter,Nature,4,Evening,Humayun’s Tomb Guided Visit
Delhi,High,Winter,Culture,5,Morning,Lunch at Khan Market Café
Delhi,High,Winter,Culture,5,Afternoon,Lodhi Garden Sunset Walk
Delhi,High,Winter,Culture,5,Evening,Red Fort & Jama Masjid Tour
Delhi,High,Winter,Nature,5,Morning,Karim’s Mughlai Lunch
Delhi,High,Winter,Nature,5,Afternoon,Chandni Chowk Heritage Walk
Delhi,High,Winter,Nature,5,Evening,Segway Tour at Rajpath
Delhi,High,Winter,Culture,6,Morning,National Museum Visit
Delhi,High,Winter,Culture,6,Afternoon,Connaught Place Cafés
Delhi,High,Winter,Culture,6,Evening,Akshardham Temple Visit
Delhi,High,Winter,Nature,6,Morning,Gurudwara Bangla Sahib
Delhi,High,Winter,Nature,6,Afternoon,India Gate Night Walk
Delhi,High,Winter,Nature,6,Evening,Qutub Minar Guided Tour
Delhi,High,Winter,Culture,7,Morning,Lunch at Saket Restaurants
Delhi,High,Winter,Culture,7,Afternoon,Hauz Khas Village Walk
Delhi,High,Winter,Culture,7,Evening,Rock Climbing Session
Delhi,High,Winter,Nature,7,Morning,Dilli Haat Food Stalls
Delhi,High,Winter,Nature,7,Afternoon,Cultural Performance
Delhi,High,Winter,Nature,7,Evening,Sanjay Van Nature Walk
Delhi,High,Winter,Culture,8,Morning,Café Hopping
Delhi,High,Winter,Culture,8,Afternoon,Lunch at Chandni Chowk
Delhi,High,Winter,Culture,8,Evening,India Gate & Light Show
Delhi,High,Winter,Nature,8,Morning,Qutub Minar Tour
Delhi,High,Winter,Nature,8,Afternoon,Humayun’s Tomb Visit
Delhi,High,Winter,Nature,8,Evening,Lodhi Garden Walk
Delhi,High,Winter,Culture,9,Morning,Akshardham Temple Visit
Delhi,High,Winter,Culture,9,Afternoon,South Indian Lunch
Delhi,High,Winter,Culture,9,Evening,Yamuna Riverfront Walk
Delhi,High,Winter,Nature,9,Morning,Sunder Nursery Visit
Delhi,High,Winter,Nature,9,Afternoon,Lunch at Khan Market
Delhi,High,Winter,Nature,9,Evening,Street Shopping
Delhi,High,Winter,Culture,10,Morning,Lotus Temple Visit
Delhi,High,Winter,Culture,10,Afternoon,Café Hopping
Delhi,High,Winter,Culture,10,Evening,Connaught Place Night Walk
Delhi,High,Winter,Nature,10,Morning,Heritage Walking Tour
Delhi,High,Winter,Nature,10,Afternoon,Local Street Food Trail
Delhi,High,Winter,Nature,10,Evening,India Habitat Centre